"","median","upper","lower","class","preds","col"
"1",6.46256673197892,10.0367799083039,2.97727059406648,"Calotomus","Genus","black"
"2",8.5893629798181,14.2801237877786,2.68693991983866,"Naso","Genus","black"
"3",9.86037593068235,16.4354373273698,3.05222037595164,"global.mean","global.mean",NA
